<?xml version="1.0" encoding="UTF-8"?>
<?xml-stylesheet href="books.xsl" type="text/xsl"?>
<collection>
	<book>
		<title>Unearth</title>
		<year>1974</year>
		<publisher>Living Hand</publisher>
		<note>early Auster poetry - out of print</note>
		<amazon>https://www.amazon.es/Bible-Unearthed-Archaeologys-Ancient-English-ebook/dp/B000FBJG86/ref=sr_1_1?__mk_es_ES=%C3%85M%C3%85%C5%BD%C3%95%C3%91</amazon>
	</book>

	<book>
		<title>White Spaces</title>
		<year>1980</year>
		<publisher>Station Hill</publisher>
		<note>out of print</note>
		<amazon>http://www.amazon.com/exec/obidos/ASIN/0930794273/qid=1021948543/sr=1-4/ref=sr_1_4/102-2599247-6584128</amazon>
	</book>

	<book>
		<title>The Invention of Solitude</title>
		<year>1982</year>
		<publisher>Sun Press</publisher>
		<note>My favorite book</note>
		<amazon price="10.36">http://www.amazon.com/exec/obidos/ASIN/0140106286/qid=1021947570/sr=1-14/ref=sr_1_14/102-2599247-6584128</amazon>
	</book>
</collection>
